Country_code_A3,country,year,Substance,Jan,Feb,Mar,Apr,May,Jun,Jul,Aug,Sep,Oct,Nov,Dec,population,Jan_kg_per_person,Feb_kg_per_person,Mar_kg_per_person,Apr_kg_per_person,May_kg_per_person,Jun_kg_per_person,Jul_kg_per_person,Aug_kg_per_person,Sep_kg_per_person,Oct_kg_per_person,Nov_kg_per_person,Dec_kg_per_person
BGD,Bangladesh,2008,NOx,29.48319990221676,27.6266355184727,17.986286521263544,17.81541060833658,16.52970558774286,15.95312268812576,15.893676760610791,14.998323523737596,16.40916024401574,18.822323918376878,20.128848050237277,21.4435749504538,149000000,0.19787382484709237,0.18541366119780336,0.12071333235747345,0.11956651414990996,0.11093762139424738,0.10706793750419973,0.10666897154772342,0.10065988942105769,0.11012859224171638,0.12632432159984483,0.13509293993447835,0.1439166104057302
BGD,Bangladesh,2009,NOx,27.67869669566192,23.550309735940125,19.375935378269187,18.614501936423057,17.29393290707105,16.717327962133396,16.656863180915096,15.702815948037856,17.152943108060864,19.67738407438445,21.3354247546107,28.94370551844965,151000000,0.18330262712358888,0.1559623161320538,0.1283174528362198,0.12327484726107985,0.11452935700047052,0.11071078120618143,0.1103103521914907,0.10399215859627718,0.11359564972225737,0.13031380181711555,0.14129420367291853,0.1916801689963553
BGD,Bangladesh,2010,NOx,34.65298013096174,25.22285723324336,20.2065490514651,20.1294946090503,18.716113459023312,18.143565139690157,18.111643411233665,17.010074004723855,18.53351007434805,21.332029381096923,21.37547205468771,28.383508651743774,152000000,0.22798013244053775,0.16593985021870633,0.1329378227070072,0.13243088558585725,0.12313232538831126,0.11936556012954051,0.11915554875811621,0.11190838161002535,0.12193098733123718,0.14034229855984817,0.14062810562294545,0.18673360955094587
BGD,Bangladesh,2011,NOx,38.79194412391134,26.89905263180117,23.534952621154225,22.667356296388743,21.031274006989847,20.62683052520733,20.808519065325427,19.144962822050218,20.74518026646813,24.380954164265155,25.15840534373216,31.272827400373288,154000000,0.25189574106435936,0.17466917293377382,0.15282436766983265,0.1471906253012256,0.1365667143311029,0.13394045795589174,0.13512025367094432,0.12431794040292349,0.13470896276927358,0.15831788418353998,0.16336626846579325,0.20307030779463173
BGD,Bangladesh,2012,NOx,36.41393918116191,31.350683210606807,26.370415979077976,24.698883465522893,22.819583145815457,22.662733632538828,23.102511835090528,20.7628657361729,22.43119871712457,26.99455194470654,29.249485292712823,35.0096485416154,155000000,0.23492863987846394,0.20226247232649552,0.17013171599405147,0.15934763526143803,0.14722311706977714,0.14621118472605696,0.14904846345219697,0.13395397249143806,0.14471741107822303,0.174158399643268,0.1887063567271795,0.22586870026848643
BGD,Bangladesh,2013,NOx,43.316287228656165,30.57563106206605,27.480597714604432,25.652107587233075,23.5660910212976,23.597094061236813,24.24603222849185,21.38418788692212,23.11564876356088,28.39749645174664,30.033924591927818,33.31200926447045,157000000,0.27589991865386093,0.19474924243354172,0.17503565423314926,0.1633892203008476,0.15010249058151337,0.15029996217348288,0.15443332629612644,0.136205018388039,0.14723343161503746,0.18087577357800408,0.1912988827511326,0.21217840295841048
BGD,Bangladesh,2014,NOx,40.892711069526754,35.33914405287674,30.640426329891483,27.36481146333528,25.128588186933595,25.284867202977612,26.10175028691923,22.8311495779446,24.6145149227138,30.49691411722097,32.3318718186155,36.2766404614042,158000000,0.2588146270223212,0.2236654686890933,0.1939267489233638,0.17319500926161568,0.15904169738565566,0.1600308050821368,0.16520095118303313,0.1445009466958519,0.1557880691311,0.19301844377987956,0.2046321001178196,0.22959899026205188
BGD,Bangladesh,2015,NOx,45.21425237225227,37.53547036240052,33.05504786751067,30.327219298510258,27.908596222446587,28.23901299907065,29.187542528868345,25.40906463857148,27.29736702940471,33.88188369951745,34.54504944712943,42.05591364126314,159000000,0.2843663671210835,0.2360721406440284,0.20789338281453254,0.19073722829251735,0.17552576240532444,0.17760385534006698,0.1835694498670965,0.15980543797843696,0.1716815536440548,0.21309360817306572,0.21726446193163163,0.26450260151737826
BGD,Bangladesh,2016,NOx,47.51156800114728,32.3284261465777,34.87879395434317,39.94975295607906,47.5461227443012,33.72485366931629,22.860811575484245,40.960635843898025,29.407115637747477,31.187980539497744,32.640154784835566,36.397921595643766,161000000,0.29510290683942414,0.200797677929054,0.21663847176610665,0.24813511152844137,0.2953175325732994,0.20947114080320678,0.1419926184812686,0.2544138872291803,0.18265289215992223,0.1937141648416009,0.20273388065115258,0.2260740471779116
BGD,Bangladesh,2017,NOx,68.10848368185006,48.54179479958842,47.5678428330347,33.590431719226764,38.14161869735264,35.29136861421939,29.538812611974556,30.189508144827865,37.12555049333776,30.557085599858823,35.03723545210442,39.13370699155379,162000000,0.4204227387768522,0.29964070863943476,0.2936286594631772,0.20734834394584423,0.235442090724399,0.21784795440876167,0.18233834945663308,0.18635498854832017,0.2291700647736899,0.18862398518431372,0.21627923118582976,0.24156609254045544
BGD,Bangladesh,2018,NOx,79.63832763471304,52.05702319872508,52.89849892106193,38.665109910035696,44.75234143513006,41.57106649572029,34.66742670835448,35.28032939140505,43.52044161983231,34.99376446301742,40.6436340062365,45.9487695055052,164000000,0.4855995587482502,0.3174208731629578,0.32255182268940197,0.2357628653050957,0.27288013070201256,0.25348211277878224,0.21138674822167366,0.2151239597036893,0.26536854646239216,0.2133766125793745,0.2478270366233933,0.2801754238140561
BGD,Bangladesh,2019,NOx,71.48546332763405,50.890897575336965,51.55334736664967,35.28552423852952,41.70490858181614,38.42070513174141,31.305125313480303,32.03920902177715,40.48141886672694,31.427152466566035,35.33962483686521,47.7057302463322,165000000,0.4332452322886912,0.30842968227476947,0.31244452949484647,0.21385166205169406,0.25275702170797665,0.23285275837419034,0.18972803220291093,0.19417702437440695,0.24534193252561784,0.1904675907064608,0.21417954446584975,0.28912563785655876
BGD,Bangladesh,2020,NOx,61.78672844666523,47.1431713036456,42.48539376430352,31.65978743761777,35.18562760560425,32.498854514082936,27.678381650487054,28.332967828106327,34.28327256600433,29.070947562035744,32.842041673429875,38.87393297159566,166000000,0.3722092075100315,0.28399500785328674,0.25593610701387665,0.19072161106998656,0.21196161208195333,0.1957762320125478,0.16673723885835576,0.17068052908497786,0.20652573834942367,0.17512619013274544,0.1978436245387342,0.23418031910599796
BGD,Bangladesh,2021,NOx,68.48528707646564,50.35352439854231,45.98399446149521,33.4185011148716,38.34548578298419,35.308004201911054,29.358996890353747,30.08144741399974,37.28472521950585,30.201069408824555,34.545034517332624,39.62515782591536,168000000,0.40765051831229543,0.29972335951513285,0.2737142527469953,0.19891964949328333,0.2282469391844297,0.210166691678042,0.17475593387115326,0.17905623460714132,0.22193288821134438,0.17976827029062237,0.2056252054603132,0.2358640346780676
BGD,Bangladesh,2022,NOx,71.82869505250041,56.93518376940711,51.65225353415318,36.36935194955311,42.76845854491207,39.38380452977971,32.38657511618165,33.10904787627593,41.52562408584065,32.547275637025216,37.242880672968944,42.43922762812864,169000000,0.42502186421597876,0.33689457851720184,0.3056346362967644,0.21520326597368708,0.25306780204089985,0.23304026348982076,0.19163653914900386,0.19591152589512384,0.24571375198722278,0.19258742980488291,0.22037207498798192,0.2511196901072701
IRQ,Iraq,2008,NOx,23.79924540468172,21.928992114942503,20.251524455272083,19.66307767472522,19.85711470156915,19.820556875158903,20.056005948454168,20.11275180122757,19.997140122262795,20.51823443616348,21.086563109543185,22.45855942756104,28971036,0.8214840989698028,0.7569281303900386,0.69902658832332,0.6787150336883092,0.6854126549554234,0.6841507799430749,0.692277830466752,0.6942365402889827,0.6902459450280892,0.7082326788784314,0.7278498121207397,0.7752073287113735
IRQ,Iraq,2009,NOx,26.807343324329032,24.17156947819959,24.61630686425983,23.152358976592023,22.73183041199728,23.202625818921412,23.861598247713253,23.929554254967364,23.19545452974012,24.27527019659133,24.636132306981835,25.508100637001437,30058206,0.8918477478106656,0.8041587537925448,0.8189546263758998,0.7702508585040645,0.756260384002867,0.7719231752860238,0.7938463874960885,0.7961072013069365,0.7716845952063844,0.807608750721561,0.8196141947720311,0.8486235218762369
IRQ,Iraq,2010,NOx,29.00045548758505,27.602546887721665,27.33495237403599,26.210437611790628,26.58727977944013,27.34295009584669,28.58102631843767,29.224969037124545,28.101819869502247,28.99863648416057,28.62220324010448,31.49910143364422,31045366,0.9341315379430556,0.889103606886827,0.8804841396953087,0.8442624774270862,0.8564009127623147,0.8807417537241046,0.9206213358360043,0.9413633273682309,0.9051856521679353,0.9340729461575867,0.921947682630138,1.0146152386686058
IRQ,Iraq,2011,NOx,31.634409117011504,29.87873277939324,29.83364071482783,27.532462245474576,26.75928889277127,27.190292792756946,29.447029781978877,29.34920637537264,29.204142062325644,30.190293797578,31.00076390559637,32.9691920240229,32161424,0.9836134468738544,0.9290239381002918,0.9276218837458139,0.8560709950366183,0.832030599539724,0.8454318687119372,0.9156009317864432,0.9125592938724553,0.9080487873399401,0.9387113517603574,0.9639114208872209,1.0251160528222538
IRQ,Iraq,2012,NOx,37.205411820777314,34.538322023402856,35.2361943350134,30.231670995842688,31.51735506547651,33.33931159026524,35.354650028844176,34.42773902929668,34.76334147858184,34.397432678443,35.09905727496205,36.31246170134829,33654842,1.1054995242817456,1.0262512010427163,1.0469873647011447,0.8982859285401693,0.936487981892071,0.9906245166821832,1.0505070868805202,1.0229654035902673,1.0329372955779095,1.0220648986687562,1.042912555493859,1.078966934426502
IRQ,Iraq,2013,NOx,39.165243531697726,35.19301225980858,35.903989410841675,34.01324661102914,35.26966596361857,36.75050037179655,37.881678871019005,36.4973719867582,37.59525793090948,37.42564391446044,38.77035628517273,40.45486167372103,35281989,1.1100633677907934,0.9974781257317603,1.0176294032301205,0.9640399414848505,0.9996507272767011,1.0416221254361977,1.0736832005423222,1.034447689067592,1.0655651508453643,1.0607577683463492,1.0988710496217413,1.1466151093046661
IRQ,Iraq,2014,NOx,38.630880027352944,35.91717126602082,36.05574847232274,35.61099078706825,35.72384532078207,35.06446566053318,36.38126704096543,37.23664885257572,36.51098027226605,36.05552083207464,38.44527928970479,39.38389063654296,36550059,1.0569307159628099,0.9826843580750668,0.9864757939877126,0.9743073407095801,0.9773950110663862,0.9593545570072317,0.9953818964003706,1.018784917763764,0.998930816288588,0.9864695658104038,1.0518527286017456,1.0775328881560209
IRQ,Iraq,2015,NOx,33.141919699427966,31.379664302060405,30.83515484630427,28.26533972570671,28.924637396471603,28.72737319574003,30.10868612262404,31.505165595849,30.405812415799723,31.27378126788181,31.967434174793457,34.91107681072661,37560535,0.8823601607226299,0.8354424212024777,0.8209455708313066,0.7525276124449961,0.7700805485457436,0.7648286478278339,0.8016042935124337,0.8387837286090041,0.8095148915157817,0.8326234242372161,0.8510910234583574,0.9294616493275885
IRQ,Iraq,2016,NOx,51.56294738144517,26.572740827947158,25.27655296787705,27.138545777613693,25.551462748126603,24.54030104654048,24.76500613515922,24.97524779354016,24.33583903515402,25.57782079826272,36.210147011623086,78.47044737718733,38469627,1.3403547526323862,0.6907459962621202,0.6570521977735071,0.7054538318662069,0.6641983492100562,0.6379136726888587,0.6437547765971117,0.6492199103864501,0.632598778125767,0.6648835144219807,0.9412658722067434,2.0398026572284502
IRQ,Iraq,2017,NOx,89.0073148716548,53.78012739456814,29.94319449059208,28.79913525739557,28.641636425426167,28.38399074308167,28.82886577685312,28.127108467066957,28.1922861590675,30.66400082497251,31.808461702652664,30.62289440717256,39337353,2.2626666026983258,1.3671516584902939,0.761189866806546,0.732106587278396,0.7281027888537942,0.7215531442362598,0.7328623707053477,0.7150229062709674,0.7166797969112843,0.7795135789887162,0.8086070687738613,0.7784686073608603
IRQ,Iraq,2018,NOx,84.19532580383978,52.54128310532335,31.921554419923797,31.1713230373704,31.01293329210532,30.720699612815704,31.325024093658183,30.603112295188467,30.63394441802029,33.15935490717948,34.3985809885999,33.71204570803459,40265624,2.0909976659951868,1.3048669779791158,0.7927743630627405,0.7741423065334937,0.7702086845122609,0.7629510376597095,0.7779594845880988,0.7600307471998563,0.7607964654420925,0.8235152373940481,0.8542915164707221,0.8372413577406522
IRQ,Iraq,2019,NOx,87.44099800562992,55.474323574205215,35.17676161877957,33.95187800843824,33.40262217864637,33.08676372978242,33.903400108399424,33.158316620756814,33.3169402013318,35.981818576485395,37.08834629874173,35.687935659672824,41192171,2.1227576960104853,1.3467200739238825,0.8539671681490051,0.824231332901542,0.8108973469411546,0.8032294226439878,0.8230544612081607,0.8049664733805075,0.8088172920366785,0.8735110993903525,0.9003736729181313,0.8663766631691451
IRQ,Iraq,2020,NOx,70.6351275204496,46.30313105873915,30.03615545326952,29.10399972129233,28.75699800387066,28.456399927340136,29.336215496573978,28.724836666902394,28.954618965409303,31.335088124791664,32.166346355401245,31.270087326554684,42116605,1.6771325115224647,1.0994032177745368,0.7131665872230091,0.6910338504561877,0.6827947790157981,0.6756574972588635,0.6965474899169574,0.682031152959798,0.6874870129111618,0.7440079304775792,0.7637449969056443,0.7424645772505805
IRQ,Iraq,2021,NOx,78.46473466342641,50.60321184078899,32.90076785675326,31.66399055477461,31.21155761229429,30.93175605221316,31.70136707057684,31.03492971448665,31.277140196662664,33.82471569967216,34.77794395290538,34.26390361216446,43071211,1.8217443355244043,1.1748732080179727,0.7638691156548457,0.7351544063800438,0.7246501058977489,0.7181538511237392,0.736022190566614,0.7205492716349826,0.7261727606558976,0.7853207493904029,0.8074521970813725,0.7955175351852647
IRQ,Iraq,2022,NOx,86.88061576898973,55.34221820891075,36.77752118973992,34.514366517191085,34.29212013752973,33.91015197759141,34.789867075308656,34.03494143174713,34.21994762714803,36.93750042850323,37.95729927561762,37.02174782980842,44070551,1.9713984463001093,1.2557641543649125,0.8345146669425558,0.7831616744975819,0.7781187064697632,0.7694515091856103,0.7894130272006051,0.7722830928922838,0.7764810480165776,0.8381447381609373,0.8612848810448869,0.8400563866289854
MMR,Myanmar,2008,NOx,11.030480238404683,11.060093522505989,12.851003099423208,13.957726720228257,10.38540772111199,7.317459962945559,6.140832837010688,6.664677328460542,10.883480950537894,13.970073698620649,12.876229426221098,11.47189766720154,48390793,0.22794584578113203,0.22855780690566466,0.2655671110705544,0.2884376521837172,0.21461536538803963,0.15121595471571542,0.12690085151137506,0.13772614407167375,0.22490809254847083,0.28869280357981836,0.2660884153359731,0.23706777583085983
MMR,Myanmar,2009,NOx,11.294315745832336,9.987538991263827,13.022683910497465,13.960146991779338,10.451746426927471,7.317228132399428,6.115552774991816,6.694448794345239,10.94061894690272,13.983565015344665,12.399825463650496,12.528239952789692,48660459,0.23210458713166546,0.2052495844986548,0.26762353208582484,0.286888929505974,0.2147893102884104,0.1503731835410642,0.1256780741626752,0.13757471532163804,0.22483591753424934,0.28737018315722557,0.25482343813588965,0.2574624286382028
MMR,Myanmar,2010,NOx,11.53979065666894,10.669509068507312,12.92180885172658,14.33496139726345,10.747143706722294,7.591250010241327,6.3863285135294285,6.912080778236417,11.193579231543282,14.231067644091484,12.769220120299206,12.576908377406834,49024382,0.2353888042213146,0.21763678874131065,0.2635792298560047,0.29240473438835907,0.21922038113039946,0.1548464192825792,0.1302684144703635,0.14099271620061252,0.22832677893916709,0.29028550822102117,0.2604667228706566,0.25654394536593716
MMR,Myanmar,2011,NOx,11.92604718405449,10.60582684803647,12.980575836251882,13.815462276352475,10.402067943962331,7.456812722345784,6.382042297924162,6.867353858037002,10.77082553891101,13.77333428902238,13.00293332018192,11.52503970689152,49419820,0.24132113763373664,0.2146067478197304,0.26265931029801165,0.2795530675011053,0.21048372786388805,0.1508870878596034,0.1291393270538857,0.1389595077043381,0.2179454627497836,0.27870061625117976,0.2631117094352412,0.2332068329445862
MMR,Myanmar,2012,NOx,13.264187345319364,11.683699901533895,13.771248924192012,14.548900684973924,11.154989412922566,8.358770252253578,7.2829494957440915,7.692858371504453,11.524642620623876,14.565943723452468,12.858948526454816,13.26899607129781,49837446,0.2661490186579658,0.23443616877024348,0.27632332772815066,0.2919270920298348,0.22382746926723665,0.16772067838816576,0.1461340835111031,0.1543590008907048,0.2312446472602925,0.29226906457952256,0.2580178070612771,0.266245506868426
MMR,Myanmar,2013,NOx,13.950972425474088,11.100994935787034,13.96954407629397,14.958724891997138,11.728114537321808,8.759626257679455,7.68700677305079,8.102528110568928,11.991533838493805,15.02264400433716,13.708179310814064,14.9900381400328,50262658,0.27756137420098415,0.220859687440068,0.27793086621670443,0.2976110991184974,0.23333653658590456,0.1742770200827711,0.15293673432572527,0.16120373320823836,0.23857739155963073,0.29888280091230274,0.27273088722872685,0.29823409140107154
MMR,Myanmar,2014,NOx,14.97918856760849,13.44234036544472,15.36291485629464,15.982347821725966,12.683480739541755,9.77165674218587,8.709080208729944,9.122291343682296,12.966011023271973,16.14974759378045,15.00099429238234,14.622236889271802,50681634,0.2955545704704093,0.2652309979872535,0.30312587901752813,0.3153479191638921,0.2502579285336727,0.1928046901997254,0.17183897837094092,0.1799920528150749,0.2558325373501567,0.3186508863108173,0.2959848195182961,0.28851155211909313
MMR,Myanmar,2015,NOx,15.27064818722432,14.575700254023332,15.80094865650779,16.669163553376578,13.197681629574111,10.412903045455126,9.387762137052896,9.686392814646172,13.49267814893212,16.80045533179048,15.49566298181832,15.755794461947252,51089056,0.29890253183038495,0.28529985470906594,0.3092824548668073,0.3262766012622464,0.25832698160588663,0.20381866217013533,0.18375289880190573,0.18959819525039126,0.264101144263306,0.3288464623771964,0.30330689574335296,0.3083986218486255
MMR,Myanmar,2016,NOx,18.392947477176502,14.08540382077093,15.714846683110864,16.22822416968528,12.919169120652407,9.764321965512696,8.59167200026632,9.186853553078867,12.968884460409855,15.96453433525028,15.423229022571686,14.872519066639786,51495696,0.35717446128267694,0.2735258461361689,0.30516815780314654,0.3151374858529008,0.2508786194607877,0.18961433137077507,0.16684252602909413,0.17840041531002646,0.25184404654730475,0.31001686694845876,0.29950520568887323,0.28881091473430687
MMR,Myanmar,2017,NOx,19.675508218701182,17.157879569169886,19.83516673582516,19.15359875934693,15.577609615898444,12.350439246638768,11.309728979805971,11.888741923124655,15.554520908271884,18.70856079586177,18.035121554780748,18.52128795136129,51894938,0.37914118364880184,0.33062722936811073,0.3822177557245595,0.3690841438012111,0.30017589800181366,0.23798928609643522,0.21793510919708528,0.2290925161742106,0.29973098548208854,0.3605083947852828,0.34753142117215263,0.3568997028450307
MMR,Myanmar,2018,NOx,20.67881478195225,17.81337737866363,19.871006675779743,19.80791305375931,16.208396230903574,12.95318450283397,11.92558481005717,12.52114292890748,16.302966183157498,19.70601894312356,19.61849571620875,18.42517372115896,52272247,0.395598352256643,0.34078078523511013,0.3801444899772482,0.37893747046610243,0.3100765159550836,0.24780232812325764,0.22814371859807692,0.23953710903048572,0.31188569688151146,0.3769881739180556,0.37531380114975255,0.3524848228001172
MMR,Myanmar,2019,NOx,20.74911674905476,17.966173450938836,20.307478700543587,19.99925153047567,16.453269641755714,13.285292315119277,12.407427084356607,12.936828146007912,16.648974762981574,19.61146832737117,18.43649268208815,20.887465965785424,52640713,0.3941648121113929,0.3412980643126706,0.38577514519120565,0.3799198451296751,0.31255787971100835,0.25237675475860816,0.23570020953851076,0.24575708436942928,0.31627563180957624,0.37255324272243745,0.35023257914626177,0.39679299111669375
MMR,Myanmar,2020,NOx,21.23156603274827,18.825470949344844,19.80721138445781,19.996571326211598,16.456166795100287,13.250187621378306,12.362273991857206,12.9258330239654,16.422822345417273,19.178425285356766,19.05422618157568,19.55281569846985,53016522,0.4004707444360132,0.3550868717745167,0.37360450360093045,0.3771762192588114,0.31039695125795475,0.24992562924777123,0.23317776280868077,0.2438076383804543,0.30976800676244426,0.3617443121854875,0.35940166315654726,0.36880608083777827
MMR,Myanmar,2021,NOx,21.430937933373865,19.246592810522785,20.21141752683349,20.28369050654867,16.83240389065043,13.644377812764604,12.78119671348497,13.383628217626296,16.906041011898296,19.70924552827206,19.44092735510728,20.5815491447631,53387102,0.40142538423182933,0.36051016237073114,0.37858240604319543,0.37993615960927546,0.31528970968775244,0.2555744234396653,0.23940607814758275,0.2506902925284518,0.31666901514710977,0.36917616409057114,0.36415026526645483,0.38551538431067295
MMR,Myanmar,2022,NOx,22.04225126832064,21.357724695995877,19.753498799483385,20.487631211444008,16.98332266517992,13.902262535877735,12.978063565323986,13.519108969509988,17.103919553852304,20.106654898877714,19.702055556603348,19.2339862921049,53756787,0.4100366204609781,0.3973028502614168,0.3674605552501377,0.38111710827218914,0.3159289015018684,0.2586140897125741,0.2414218611191176,0.2514865512611456,0.3181722812758937,0.3740300717540599,0.3665035924971362,0.35779642656293614
PAK,Pakistan,2008,NOx,84.67474544795408,79.891194676457,73.85702601799069,72.78413006412211,69.0648267176068,67.01333267795488,66.35050436047788,66.26385695538204,71.19116921975149,77.71267357142466,79.70572022122862,78.54060956640475,189000000,0.4480145261796512,0.42270473373786777,0.3907779154391042,0.38510121727048735,0.36542236358522123,0.354567897766957,0.35106086963215816,0.3506024177533441,0.37667285301455816,0.41117816704457494,0.421723387413908,0.4155587807746284
PAK,Pakistan,2009,NOx,84.12998337947366,77.16873665059107,78.16539626468159,75.5135326768152,70.50994545713672,69.74447831159478,69.33021403549512,69.10174252083638,72.86435422008756,82.16228991302565,82.82725335723363,84.75091781105509,194000000,0.4336597081416168,0.3977769930442839,0.40291441373547215,0.38924501379801646,0.36345332709864286,0.35950762016285964,0.3573722372963666,0.3561945490764762,0.3755894547427194,0.4235169583145652,0.42694460493419395,0.43686040108791285
PAK,Pakistan,2010,NOx,80.74481111621029,75.45105449408616,72.68116780349342,70.69266790519839,68.27870640301086,67.78028440804256,67.89837045073456,68.41816474255612,72.05275891819552,79.14629348315468,80.28668102968055,87.32811591692348,199000000,0.40575281967944865,0.3791510276084732,0.3652319990125298,0.35523953721205226,0.34310907740206464,0.3406044442615204,0.34119784146097765,0.3438098730781714,0.3620741654180679,0.39772006775454616,0.4034506584406058,0.4388347533513743
PAK,Pakistan,2011,NOx,87.10789452856272,79.27493060145062,78.61696589948552,73.87022639711444,67.87306518033307,66.54836202114139,68.25877175743601,67.68594672154255,72.81692222415643,81.03961726736921,79.93102024048913,88.73840018473118,204000000,0.4269994829831506,0.38860260098750304,0.3853772838210075,0.36210895292703155,0.33271110382516217,0.32621746088794795,0.3346018223403726,0.33179385647814974,0.3569456971772374,0.3972530258204373,0.3918187266690644,0.43499215776829003
PAK,Pakistan,2012,NOx,85.90714697254293,80.49880702463001,77.14523003389206,69.21881233760362,67.078995317185,67.37798239877965,68.3374782231309,66.70066359051324,72.35477217256512,78.7090230628823,79.84761057215053,82.94939325948924,208000000,0.41301512967568715,0.3870134953107212,0.37089052900909647,0.33278275162309434,0.3224951697941587,0.3239326076864406,0.328545568380437,0.3206762672620829,0.34785948159887076,0.37840876472539564,0.3838827431353391,0.3987951599013906
PAK,Pakistan,2013,NOx,88.63533413446845,79.65295941637015,78.56571688931567,75.12393657534689,72.20913915362244,71.55559251130668,71.22879949336567,69.18949390366517,75.89633472765436,81.93365903698987,86.29687119189366,89.07450526990569,211000000,0.4200726736230732,0.3775021773287685,0.3723493691436761,0.3560376141011701,0.34222340831100684,0.3391260308592734,0.3375772487837236,0.3279122933822994,0.3596982688514425,0.38831118027009415,0.4089899108620552,0.4221540534118753
PAK,Pakistan,2014,NOx,88.76034199901166,83.38491218433333,82.57612621657334,78.14200403660028,74.40760575116484,71.24582984736135,71.00987867290212,71.91794642548196,76.3318398879012,82.54638134757028,86.38125714100484,90.52363556508703,214000000,0.4147679532664096,0.3896491223566978,0.3858697486755764,0.36514955157289847,0.34769909229516277,0.3329244385390718,0.33182186295748656,0.3360651702125325,0.35669084059766915,0.38573075396060874,0.4036507343037609,0.4230076428275095
PAK,Pakistan,2015,NOx,88.84666864112278,80.20081364260152,83.12305643277418,74.0837991390157,71.18955128937442,68.90605550458498,68.6038282378869,70.46134355038176,75.02324184387801,83.01208030521165,85.38014793252955,91.8334757770444,217000000,0.40943165272406806,0.3695890029612973,0.38305555959803766,0.34139999603233034,0.328062448338131,0.3175394262884101,0.31614667390731294,0.3247066523059067,0.34572922508699544,0.3825441488719431,0.3934569029148827,0.4231957409080387
PAK,Pakistan,2016,NOx,118.76551886690952,81.74925821844435,77.5334172807158,77.16432950084125,70.082005896302,66.32772601855177,64.6831222755069,64.98490746750554,69.54476419277603,79.1118533941924,96.1267588192753,152.2663790527648,220000000,0.5398432675768614,0.3715875373565652,0.3524246240032536,0.3507469522765511,0.31855457225591816,0.30148966372068986,0.294014192161395,0.2953859430341161,0.31611256451261827,0.35959933360996543,0.4369398128148877,0.6921199047852946
PAK,Pakistan,2017,NOx,145.364806580631,104.9108442749279,83.2014664369031,77.93326460976716,73.00580637633927,70.65744415729283,69.68168757739187,68.39749464299625,74.81176923404621,85.04361340361874,88.76151381429757,90.76995439744366,223000000,0.6518601191956548,0.4704522164794973,0.37310074635382556,0.34947652291375414,0.3273802976517456,0.3168495253690261,0.3124739353246272,0.306715222614333,0.3354787858028978,0.3813614950834921,0.39803369423451823,0.4070401542486262
PAK,Pakistan,2018,NOx,109.23505985929758,88.2672136329085,76.4858587230887,73.27633724054466,68.81283151032115,66.33165245874858,65.10018675770345,63.52485269639276,69.71299774665071,80.81499844605398,83.15155379748009,87.78277311273753,227000000,0.48121171744183955,0.3888423508057643,0.336942108912285,0.32280324775570335,0.30314022691771425,0.2922099227257647,0.2867849636903236,0.2798451660634042,0.30710571694559785,0.3560132090134537,0.36630640439418544,0.38670825159796274
PAK,Pakistan,2019,NOx,112.44498408337392,93.35649420413606,81.84134378647254,73.41274414602852,69.2748296670248,67.96913961682534,67.38882238935201,65.92899890014638,71.20495987090082,81.305621292401,85.9635867063315,89.32514964661404,231000000,0.48677482287174856,0.40414066755037253,0.3542915315431711,0.3178040872122447,0.2998910375195879,0.29423869963993654,0.2917265038500087,0.28540692164565534,0.3082465795277092,0.3519723865471905,0.372136738988448,0.38668895950915166
PAK,Pakistan,2020,NOx,116.56160403105426,89.62569810993539,81.38642849170208,74.71841239362317,69.43061162851343,67.96437919477651,67.79263762060701,66.1592441361296,72.44526594561067,83.31782118878347,87.1533136261107,89.1757398960296,235000000,0.4960068256640607,0.38138594940398035,0.34632522762426415,0.3179506910366944,0.2954494111851635,0.2892101242330915,0.2884793090238596,0.2815286984516153,0.30827772742813053,0.3545439199522701,0.3708651643664285,0.3794712336001259
PAK,Pakistan,2021,NOx,129.61891951259673,96.39809525678946,85.33750230978352,81.46359490702116,75.95530099205548,74.31130712438663,74.18417404226261,72.75939055825418,78.48629462207664,90.63365197228724,94.17298789622204,97.3665815409124,239000000,0.5423385753665135,0.40333931069786383,0.35706067912043316,0.3408518615356534,0.31780460666132004,0.3109259712317432,0.31039403364963436,0.304432596478051,0.3283945381676847,0.3792203011392771,0.39402923805950646,0.40739155456448706
PAK,Pakistan,2022,NOx,123.75373787351704,96.18991714899992,81.04823957988694,77.05728891314787,72.63425588940711,71.55679085618071,70.83002608385038,69.68076782833283,75.52016184139077,86.41506632047869,89.40048482918083,92.77575648137858,244000000,0.5071874503012993,0.39422097192213085,0.3321649163110121,0.3158085611194585,0.2976813765959308,0.2932655362958226,0.2902869921469278,0.2855769173292329,0.3095088600056999,0.3541601078708143,0.36639542962779026,0.38022851016958437
TJK,Tajikistan,2008,NOx,0.8849443750258863,0.8097735099029598,0.7220144743399618,0.6926943142957865,0.6237159813276413,0.5580982927583811,0.5370314871985132,0.5469489933351918,0.6142965785786648,0.7237127061023844,0.7861843899821469,0.8032550604072844,7338403,0.12059086629964126,0.11034737529445574,0.09838850146822978,0.09439305994721012,0.08499342177414368,0.07605173670053023,0.0731809750975128,0.07453242801399593,0.08370984512279644,0.09861991854390995,0.10713289934910183,0.10945910989179586
TJK,Tajikistan,2009,NOx,0.7172647096296093,0.6748037044162741,0.6901416032146546,0.6736463068243238,0.619010566265945,0.5795189834381678,0.5437427300590193,0.5341275538964012,0.5980533939201186,0.7028239273150407,0.740232656745719,0.7361574451829538,7490230,0.09576003802681751,0.09009118604051866,0.09213890671109627,0.08993666507227734,0.0826423976654849,0.07736998509233597,0.07259359593217021,0.0713099002162018,0.07984446324346764,0.09383208890982529,0.09882642545632364,0.0982823551723984
TJK,Tajikistan,2010,NOx,0.7163808807786674,0.6989673981643683,0.6984072379092526,0.6675036247090574,0.6188908990194547,0.5840503496334541,0.5532193498415432,0.5394215698798863,0.6237786156195426,0.709214197512988,0.7471185822632673,0.7594401896250387,7652141,0.09361835867617539,0.0913427233194433,0.09126952024397521,0.08723096251219853,0.08087813580793332,0.07632508988444595,0.072296021445703,0.07049289471794709,0.0815168742472914,0.09268179944841425,0.09763523467004429,0.09924545164876583
TJK,Tajikistan,2011,NOx,0.7600351600347759,0.714288873523426,0.7197560266076146,0.6764518526270548,0.6110009773181602,0.5684982264312157,0.5415150014446013,0.5299282486615489,0.58908426214772,0.691377937578333,0.7462840523763602,0.7966715084734507,7824785,0.09713176273019333,0.0912854312959942,0.09198412820385667,0.08644989640316696,0.07808533746526711,0.07265352676542752,0.06920509655467867,0.0677243206888814,0.07528440233791982,0.0883574357095221,0.09537438439220505,0.10181385283729211
TJK,Tajikistan,2012,NOx,1.2526448377793218,1.237091714597243,1.2475902272852968,1.1742112633594324,1.1459322239974643,1.1040737277880692,1.0658138672178488,1.0518033708559402,1.123960901905542,1.2595808517447988,1.2739656042074077,1.2553510382312645,8014084,0.15630542901463496,0.15436470526104332,0.15567471307828779,0.14651846216728354,0.14298979446652474,0.13776667773735204,0.13299259993005424,0.1312443656512635,0.14024820577193126,0.15717090708617465,0.15896584116255927,0.15664310958448457
TJK,Tajikistan,2013,NOx,1.3070848879276709,1.2332322978194437,1.256277771459472,1.239503642062706,1.1838140674850703,1.1254059374429082,1.0866361427924671,1.078975689831931,1.136309217271727,1.2712263890275608,1.3438901206839506,1.323060741411053,8216724,0.15907615832388564,0.1500880761991572,0.1528927795870315,0.15085131763738271,0.144073729078045,0.13696528415009535,0.13224688364760298,0.13131458350456104,0.13829224606689078,0.15471207126192396,0.16355546574084157,0.1610204676962562
TJK,Tajikistan,2014,NOx,1.7260878387992644,1.747813990020661,1.7470107123330327,1.6988408348251989,1.6322957725323726,1.583940030774221,1.5326124249143869,1.5348736051907537,1.5949066020284497,1.7920722306758363,1.840407202623109,1.802170020590024,8425552,0.20486347230416055,0.2074420750142734,0.2073467367281138,0.20162961843036503,0.19373161218782728,0.18799243429679396,0.18190053600219747,0.18216890776898104,0.18929401919642175,0.21269493448925794,0.21843164728235123,0.2138934066978667
TJK,Tajikistan,2015,NOx,1.6807251957732328,1.6094114806457078,1.6729095220581034,1.6031166262462624,1.5249667601326355,1.4599466219040398,1.377780207015671,1.4051917432613688,1.492444405916422,1.663695861589727,1.7478599080523805,1.7628300039772031,8643840,0.1944419604913132,0.1861917250487871,0.19353777048835974,0.1854634776032715,0.17642237247943454,0.16890023668925383,0.1593944597558112,0.1625656818336953,0.17265988332921733,0.19247184834399145,0.20220872992239333,0.20394061018912926
TJK,Tajikistan,2016,NOx,1.9687463169199992,1.971498041291327,1.962235986627094,1.9149224794695567,1.7990049465283982,1.7341612686375814,1.6668672300105891,1.6443334789576136,1.7225175425804582,1.9583990586199664,2.0377906956107084,1.9933160024496823,8865631,0.22206499649263534,0.2223753776004581,0.2213306629417685,0.21599392975745965,0.20291899657547197,0.195604945506708,0.18801450568048558,0.18547280830406923,0.1942915899139563,0.22089787614891332,0.22985286615365655,0.2248363373627531
TJK,Tajikistan,2017,NOx,2.25923797687157,2.2679631162784744,2.296673491387254,2.198153886303194,2.079203512762534,2.0075187233737166,1.916683255952956,1.8663181781920728,1.9793816315716053,2.219726292582782,2.2520326141675446,2.266113639402728,9085946,0.24865192648861992,0.249612216083881,0.252772082443287,0.24192900621500435,0.22883731784918532,0.22094768374957507,0.21095032437491443,0.20540713957490753,0.21785091300031997,0.24430326710975192,0.24785890364828764,0.24940866249950508
TJK,Tajikistan,2018,NOx,2.41487729011538,2.4245426835938613,2.422920057151803,2.338508970997341,2.235160597266312,2.1436322579681533,2.045992338538217,1.9886691820201623,2.105120761963202,2.391044480628472,2.4427764335480067,2.428890340904,9307333,0.25945964221065043,0.2604981130033557,0.2603237745068112,0.2512544647319851,0.2401504917967706,0.23031648894137058,0.2198258446902262,0.21366692069792306,0.22617873046588127,0.2568989935815633,0.26245718655902894,0.2609652347137467
TJK,Tajikistan,2019,NOx,2.657629204179118,2.674094748854656,2.6783199923602594,2.547093325023912,2.451750578328472,2.364251783827499,2.2421849028654277,2.1791642079578057,2.2912945530013475,2.5781851610304787,2.692185931198564,2.6641884133565528,9529966,0.27887079599015546,0.2805985613017566,0.28104192526607746,0.26727202647143883,0.2572675052910443,0.24808606702558,0.2352773244800063,0.22866442629048264,0.24043050657277765,0.2705345602524163,0.2824969082994172,0.27955906803408875
TJK,Tajikistan,2020,NOx,2.7788333519612824,2.772720296686401,2.785014327439832,2.691730363910705,2.576747679482932,2.4875005130829195,2.403777174996011,2.3317318023626457,2.458880090282024,2.76741370867119,2.834005466072861,2.8042454384902453,9749310,0.28502872018238035,0.28440169578015273,0.28566271125236886,0.2760944481107591,0.2643005176246249,0.2551463142604881,0.2465586974869002,0.2391689055289703,0.2522106785282265,0.28385739182272285,0.29068779904145636,0.2876352724952069
TJK,Tajikistan,2021,NOx,3.0867076665823108,3.038754238597903,3.090439326724823,2.992399164744566,2.8421942717905857,2.7399555376255096,2.641360394057223,2.5881864798177148,2.6773011807826914,3.0357853427577486,3.1367639193075934,3.0791473803601423,9966908,0.30969561137539453,0.3048843471413505,0.31007001637065607,0.30023344900390025,0.28516308887275627,0.2749052702829714,0.2650130204931382,0.25967797433443895,0.26861903217955774,0.3045864718283492,0.3147178562606972,0.3089370725966511
TJK,Tajikistan,2022,NOx,3.145506672721799,3.164307198680856,3.1626606152946137,3.03334581785155,2.920359625940116,2.8267682132619867,2.704418113437564,2.6736728663377725,2.7768374897357355,3.130381684595902,3.2130962835420096,3.1932296916879124,10182222,0.30892143902596103,0.31076784602426233,0.310606134426711,0.29790607765687593,0.28680965961458277,0.27761801041678197,0.26560195932062414,0.26258245659324386,0.2727142945553275,0.3074360080339932,0.3155594411064706,0.3136083353601907
